word	reading	meaning	jlpt
一	イチ・イツ / ひと(つ)	one	N5
二	ニ / ふた(つ)	two	N5
三	サン / み・みっ(つ)	three	N5
四	シ / よ・よん	four	N5
五	ゴ / いつ(つ)	five	N5
六	ロク / む・むっ(つ)	six	N5
七	シチ / なな・なの	seven	N5
八	ハチ / や・やっ(つ)	eight	N5
九	キュウ / ここの(つ)	nine	N5
十	ジュウ / とお・と	ten	N5
百	ヒャク	hundred	N5
千	セン / ち	thousand	N5
万	マン・バン	ten thousand	N5
円	エン / まる(い)	yen, circle	N5
日	ニチ・ジツ / ひ・か	day, sun	N5
月	ゲツ・ガツ / つき	month, moon	N5
火	カ / ひ	fire	N5
水	スイ / みず	water	N5
木	モク・ボク / き	tree, wood	N5
金	キン・コン / かね	gold, money	N5
土	ド・ト / つち	earth, soil	N5
年	ネン / とし	year	N5
時	ジ / とき	time, hour	N5
半	ハン / なか(ば)	half	N5
午	ゴ	noon	N5
今	コン / いま	now	N5
毎	マイ	every	N5
何	カ / なに・なん	what	N5
先	セン / さき	ahead, previous	N5
前	ゼン / まえ	before, front	N5
後	ゴ / あと・うし(ろ)	after, behind	N5
間	カン / あいだ・ま	interval, between	N5
上	ジョウ / うえ・うわ	up, above	N5
下	カ・ゲ / した・しも	down, below	N5
中	チュウ / なか	middle, inside	N5
外	ガイ・ゲ / そと・ほか	outside	N5
右	ウ・ユウ / みぎ	right	N5
左	サ / ひだり	left	N5
東	トウ / ひがし	east	N5
西	セイ・サイ / にし	west	N5
南	ナン / みなみ	south	N5
北	ホク / きた	north	N5
大	ダイ / おお(きい)	big	N5
小	ショウ / ちい(さい)	small	N5
高	コウ / たか(い)	tall, expensive	N5
長	チョウ / なが(い)	long, leader	N5
白	ハク / しろ(い)	white	N5
人	ジン・ニン / ひと	person	N5
男	ダン・ナン / おとこ	man	N5
女	ジョ・ニョ / おんな	woman	N5
子	シ・ス / こ	child	N5
父	フ / ちち	father	N5
母	ボ / はは	mother	N5
友	ユウ / とも	friend	N5
名	メイ・ミョウ / な	name	N5
生	セイ / い(きる)・う(む)	life, birth	N5
学	ガク / まな(ぶ)	study, learning	N5
校	コウ	school	N5
本	ホン / もと	book, origin	N5
国	コク / くに	country	N5
口	コウ・ク / くち	mouth	N5
語	ゴ / かた(る)	word, language	N5
山	サン / やま	mountain	N5
川	セン / かわ	river	N5
天	テン / あめ・あま	heaven, sky	N5
気	キ・ケ	spirit, mind	N5
雨	ウ / あめ	rain	N5
電	デン	electricity	N5
車	シャ / くるま	car, vehicle	N5
行	コウ・ギョウ / い(く)	go	N5
来	ライ / く(る)	come	N5
出	シュツ / で(る)・だ(す)	exit, leave	N5
入	ニュウ / はい(る)	enter	N5
見	ケン / み(る)	see, look	N5
聞	ブン・モン / き(く)	hear, ask	N5
話	ワ / はな(す)・はなし	talk, story	N5
読	ドク / よ(む)	read	N5
書	ショ / か(く)	write	N5
食	ショク / た(べる)	eat, food	N5
休	キュウ / やす(む)	rest	N5
