expression	furigana	reading	meaning	jlpt
日本語	日本語[にほんご]	にほんご	Japanese language	N5
学生	学生[がくせい]	がくせい	student	N5
先生	先生[せんせい]	せんせい	teacher	N5
学校	学校[がっこう]	がっこう	school	N5
大学	大学[だいがく]	だいがく	university	N5
友達	友達[ともだち]	ともだち	friend	N5
家族	家族[かぞく]	かぞく	family	N5
子供	子供[こども]	こども	child	N5
電車	電車[でんしゃ]	でんしゃ	train	N5
自転車	自転車[じてんしゃ]	じてんしゃ	bicycle	N5
病院	病院[びょういん]	びょういん	hospital	N5
図書館	図書館[としょかん]	としょかん	library	N5
天気	天気[てんき]	てんき	weather	N5
時計	時計[とけい]	とけい	clock, watch	N5
毎日	毎日[まいにち]	まいにち	every day	N5
今日	今日[きょう]	きょう	today	N5
明日	明日[あした]	あした	tomorrow	N5
昨日	昨日[きのう]	きのう	yesterday	N5
一人	一人[ひとり]	ひとり	one person, alone	N5
元気	元気[げんき]	げんき	healthy, energetic	N5
有名	有名[ゆうめい]	ゆうめい	famous	N5
水	水[みず]	みず	water	N5
山	山[やま]	やま	mountain	N5
雨	雨[あめ]	あめ	rain	N5
花	花[はな]	はな	flower	N5
犬	犬[いぬ]	いぬ	dog	N5
猫	猫[ねこ]	ねこ	cat	N5
お茶	お 茶[ちゃ]	おちゃ	tea, green tea	N5
お金	お 金[かね]	おかね	money	N5
食べ物	食[た]べ 物[もの]	たべもの	food	N5
飲み物	飲[の]み 物[もの]	のみもの	drink, beverage	N5
食べる	食[た]べる	たべる	to eat	N5
飲む	飲[の]む	のむ	to drink	N5
見る	見[み]る	みる	to see, to watch	N5
行く	行[い]く	いく	to go	N5
来る	来[く]る	くる	to come	N5
帰る	帰[かえ]る	かえる	to go home	N5
読む	読[よ]む	よむ	to read	N5
書く	書[か]く	かく	to write	N5
聞く	聞[き]く	きく	to hear, to ask	N5
話す	話[はな]す	はなす	to speak	N5
買う	買[か]う	かう	to buy	N5
起きる	起[お]きる	おきる	to get up	N5
寝る	寝[ね]る	ねる	to sleep	N5
勉強する	勉強[べんきょう]する	べんきょうする	to study	N5
大きい	大[おお]きい	おおきい	big	N5
小さい	小[ちい]さい	ちいさい	small	N5
高い	高[たか]い	たかい	tall, expensive	N5
安い	安[やす]い	やすい	cheap	N5
新しい	新[あたら]しい	あたらしい	new	N5
古い	古[ふる]い	ふるい	old (things)	N5
暑い	暑[あつ]い	あつい	hot (weather)	N5
寒い	寒[さむ]い	さむい	cold (weather)	N5
静か	静[しず]か	しずか	quiet	N5
おいしい	おいしい	おいしい	delicious	N5
きれい	きれい	きれい	pretty, clean	N5
ありがとう	ありがとう	ありがとう	thank you	N5
すみません	すみません	すみません	excuse me, sorry	N5
テレビ	テレビ	テレビ	television	N5
コーヒー	コーヒー	コーヒー	coffee	N5
パン	パン	パン	bread	N5
