spanish,english,type
hola,hello,phrase
adiós,goodbye,phrase
por favor,please,phrase
gracias,thank you,phrase
buenos días,good morning,phrase
¿cómo estás?,how are you?,phrase
lo siento,I'm sorry,phrase
el perro,the dog,noun
el gato,the cat,noun
la casa,the house,noun
el agua,the water,noun
el libro,the book,noun
la mesa,the table,noun
el niño,the boy,noun
la niña,the girl,noun
la mañana,the morning,noun
el año,the year,noun
la ciudad,the city,noun
el tren,the train,noun
la manzana,the apple,noun
el corazón,the heart,noun
la escuela,the school,noun
comer,to eat,verb
beber,to drink,verb
hablar,to speak,verb
vivir,to live,verb
ser,to be (permanent),verb
estar,to be (temporary),verb
tener,to have,verb
ir,to go,verb
dormir,to sleep,verb
leer,to read,verb
grande,big,adjective
pequeño,small,adjective
feliz,happy,adjective
rápido,fast,adjective
caliente,hot,adjective
frío,cold,adjective
nuevo,new,adjective
bonito,pretty,adjective
